image_name,image_path,psnr_value,psnr_time,ssim_value,ssim_time,uiqm_value,uiqm_time,uciqe_value,uciqe_time
example.jpg,enhanced,,,,,5.4138165,0.35870537208393216,0.38139468,0.06530491169542074
biograd-A_00001_right.jpg,enhanced,inf,0.007629130966961384,1.0,0.1451066150330007,3.6499438,0.34216225938871503,0.37614247,0.06315098516643047
example_hist_stretching.jpg,enhanced,,,,,5.3076353,0.341777719091624,0.39746708,0.06554520083591342
biograd-A_00001_right2.jpg,enhanced,,,,,2.8695173,0.3398796836845577,0.30516338,0.06040335400030017
example_clahe.jpg,enhanced,,,,,3.4525976,0.33841817919164896,0.3841002,0.05891386466100812
example_gray_world.jpg,enhanced,,,,,5.4124985,0.3410785552114248,0.21135664,0.061013054102659225
